topic_id,title,description
1001,Mathematics Topic 1,This is an introductory explanation about Mathematics concept number 1.
1002,Mathematics Topic 2,This is an introductory explanation about Mathematics concept number 2.
1003,Mathematics Topic 3,This is an introductory explanation about Mathematics concept number 3.
1004,Mathematics Topic 4,This is an introductory explanation about Mathematics concept number 4.
1005,Mathematics Topic 5,This is an introductory explanation about Mathematics concept number 5.
1006,Mathematics Topic 6,This is an introductory explanation about Mathematics concept number 6.
1007,Mathematics Topic 7,This is an introductory explanation about Mathematics concept number 7.
1008,Mathematics Topic 8,This is an introductory explanation about Mathematics concept number 8.
1009,Mathematics Topic 9,This is an introductory explanation about Mathematics concept number 9.
1010,Mathematics Topic 10,This is an introductory explanation about Mathematics concept number 10.
1011,Biology Topic 1,This is an introductory explanation about Biology concept number 1.
1012,Biology Topic 2,This is an introductory explanation about Biology concept number 2.
1013,Biology Topic 3,This is an introductory explanation about Biology concept number 3.
1014,Biology Topic 4,This is an introductory explanation about Biology concept number 4.
1015,Biology Topic 5,This is an introductory explanation about Biology concept number 5.
1016,Biology Topic 6,This is an introductory explanation about Biology concept number 6.
1017,Biology Topic 7,This is an introductory explanation about Biology concept number 7.
1018,Biology Topic 8,This is an introductory explanation about Biology concept number 8.
1019,Biology Topic 9,This is an introductory explanation about Biology concept number 9.
1020,Biology Topic 10,This is an introductory explanation about Biology concept number 10.
1021,Physics Topic 1,This is an introductory explanation about Physics concept number 1.
1022,Physics Topic 2,This is an introductory explanation about Physics concept number 2.
1023,Physics Topic 3,This is an introductory explanation about Physics concept number 3.
1024,Physics Topic 4,This is an introductory explanation about Physics concept number 4.
1025,Physics Topic 5,This is an introductory explanation about Physics concept number 5.
1026,Physics Topic 6,This is an introductory explanation about Physics concept number 6.
1027,Physics Topic 7,This is an introductory explanation about Physics concept number 7.
1028,Physics Topic 8,This is an introductory explanation about Physics concept number 8.
1029,Physics Topic 9,This is an introductory explanation about Physics concept number 9.
1030,Physics Topic 10,This is an introductory explanation about Physics concept number 10.
1031,History Topic 1,This is an introductory explanation about History concept number 1.
1032,History Topic 2,This is an introductory explanation about History concept number 2.
1033,History Topic 3,This is an introductory explanation about History concept number 3.
1034,History Topic 4,This is an introductory explanation about History concept number 4.
1035,History Topic 5,This is an introductory explanation about History concept number 5.
1036,History Topic 6,This is an introductory explanation about History concept number 6.
1037,History Topic 7,This is an introductory explanation about History concept number 7.
1038,History Topic 8,This is an introductory explanation about History concept number 8.
1039,History Topic 9,This is an introductory explanation about History concept number 9.
1040,History Topic 10,This is an introductory explanation about History concept number 10.
1041,Chemistry Topic 1,This is an introductory explanation about Chemistry concept number 1.
1042,Chemistry Topic 2,This is an introductory explanation about Chemistry concept number 2.
1043,Chemistry Topic 3,This is an introductory explanation about Chemistry concept number 3.
1044,Chemistry Topic 4,This is an introductory explanation about Chemistry concept number 4.
1045,Chemistry Topic 5,This is an introductory explanation about Chemistry concept number 5.
1046,Chemistry Topic 6,This is an introductory explanation about Chemistry concept number 6.
1047,Chemistry Topic 7,This is an introductory explanation about Chemistry concept number 7.
1048,Chemistry Topic 8,This is an introductory explanation about Chemistry concept number 8.
1049,Chemistry Topic 9,This is an introductory explanation about Chemistry concept number 9.
1050,Chemistry Topic 10,This is an introductory explanation about Chemistry concept number 10.
